{
  "sglang": {
    "baseline": {
      "total_time": {
        "mean": 51.90714404133333,
        "std": 0.2857226197090684,
        "n": 3
      },
      "analysis": {
        "mean": 569.9666666666667,
        "std": 3.197785692214739,
        "n": 3
      },
      "summary": {
        "mean": 350.01666666666665,
        "std": 1.9813715788143607,
        "n": 3
      }
    },
    "cascade": {
      "total_time": {
        "mean": 36.56551240766667,
        "std": 0.27083856501971915,
        "n": 3
      },
      "analysis": {
        "mean": 99.73333333333333,
        "std": 1.29839644690416,
        "n": 3
      },
      "summary": {
        "mean": 69.73333333333333,
        "std": 2.6633312473917594,
        "n": 3
      },
      "improvements": {
        "total_time": 29.555915504521344,
        "analysis": 82.50190069594713,
        "summary": 80.07713918384837
      }
    }
  }
}