{
  "sglang": {
    "baseline": {
      "total_time": {
        "mean": 51.90714404133333,
        "std": 0.2857226197090684,
        "n": 3
      },
      "analysis": {
        "mean": 569.9666666666667,
        "std": 3.197785692214739,
        "n": 3
      },
      "summary": {
        "mean": 350.01666666666665,
        "std": 1.9813715788143607,
        "n": 3
      }
    },
    "cascade": {
      "total_time": {
        "mean": 36.56551240766667,
        "std": 0.27083856501971915,
        "n": 3
      },
      "analysis": {
        "mean": 99.73333333333333,
        "std": 1.29839644690416,
        "n": 3
      },
      "summary": {
        "mean": 69.73333333333333,
        "std": 2.6633312473917594,
        "n": 3
      },
      "improvements": {
        "total_time": 29.555915504521344,
        "analysis": 82.50190069594713,
        "summary": 80.07713918384837
      }
    }
  },
  "ollama": {
    "baseline": {
      "total_time": {
        "mean": 2257.6741211313333,
        "std": 31.520601491104642,
        "n": 3
      },
      "analysis": {
        "mean": 33692.933333333334,
        "std": 379.67753532877384,
        "n": 3
      },
      "summary": {
        "mean": 18369.75,
        "std": 241.61858889580512,
        "n": 3
      }
    },
    "cascade": {
      "total_time": {
        "mean": 1175.6279142600001,
        "std": 2.38591854974126,
        "n": 3
      },
      "analysis": {
        "mean": 3524.1833333333334,
        "std": 45.76134649825483,
        "n": 3
      },
      "summary": {
        "mean": 2101.9500000000003,
        "std": 15.532787901725804,
        "n": 3
      },
      "improvements": {
        "total_time": 47.92747530494408,
        "analysis": 89.54028935840157,
        "summary": 88.5575470542604
      }
    }
  }
}